state_name,district_name,year,season,total_rainfall_mm,rainy_days,data_days,lpa_mm,departure_pct,anomaly_category,is_above_normal
Telangana,Adilabad,2017,Rabi,0.0,0,50,56.99,-100.0,Large Deficit,0
Telangana,Adilabad,2018,Kharif,1238.457114307,45,108,1051.47,17.78,Above Normal,1
Telangana,Adilabad,2018,Rabi,50.039484581,7,118,56.99,-12.19,Below Normal,0
Telangana,Adilabad,2018,Zaid,62.094031943000005,5,71,57.8,7.43,Above Normal,1
Telangana,Adilabad,2019,Kharif,864.362757321,50,93,1051.47,-17.79,Below Normal,0
Telangana,Adilabad,2019,Rabi,79.75271162199999,9,122,56.99,39.94,Large Excess,1
Telangana,Adilabad,2019,Zaid,5.725433853,0,70,57.8,-90.09,Large Deficit,0
Telangana,Adilabad,2020,Kharif,401.306654886,28,99,1051.47,-61.83,Large Deficit,0
Telangana,Adilabad,2020,Rabi,42.932233111,7,123,56.99,-24.67,Large Deficit,0
Telangana,Adilabad,2020,Zaid,57.492002995,7,77,57.8,-0.53,Normal,0
Telangana,Adilabad,2021,Kharif,1339.061912391,63,100,1051.47,27.35,Large Excess,1
Telangana,Adilabad,2021,Rabi,106.257618892,11,120,56.99,86.45,Large Excess,1
Telangana,Adilabad,2021,Zaid,36.850708861,4,70,57.8,-36.24,Large Deficit,0
Telangana,Adilabad,2022,Kharif,1310.3145408999999,57,98,1051.47,24.62,Large Excess,1
Telangana,Adilabad,2022,Rabi,85.77437233970001,8,133,56.99,50.51,Large Excess,1
Telangana,Adilabad,2022,Zaid,21.369682709,3,71,57.8,-63.03,Large Deficit,0
Telangana,Adilabad,2023,Kharif,1155.325752702,59,122,1051.47,9.88,Above Normal,1
Telangana,Adilabad,2023,Rabi,34.1640321089,5,95,56.99,-40.05,Large Deficit,0
Telangana,Adilabad,2023,Zaid,163.2551463494,16,92,57.8,182.46,Large Excess,1
Telangana,Bhadradri Kothagudem,2017,Rabi,0.0,0,47,102.21,-100.0,Large Deficit,0
Telangana,Bhadradri Kothagudem,2018,Kharif,1028.704489378,50,101,926.22,11.07,Above Normal,1
Telangana,Bhadradri Kothagudem,2018,Rabi,87.74044863099999,5,131,102.21,-14.15,Below Normal,0
Telangana,Bhadradri Kothagudem,2018,Zaid,32.574140535,5,65,87.36,-62.71,Large Deficit,0
Telangana,Bhadradri Kothagudem,2019,Kharif,823.992906204,56,103,926.22,-11.04,Below Normal,0
Telangana,Bhadradri Kothagudem,2019,Rabi,147.355629863,16,127,102.21,44.17,Large Excess,1
Telangana,Bhadradri Kothagudem,2019,Zaid,43.280155821,5,77,87.36,-50.46,Large Deficit,0
Telangana,Bhadradri Kothagudem,2020,Kharif,566.669980994,34,122,926.22,-38.82,Large Deficit,0
Telangana,Bhadradri Kothagudem,2020,Rabi,23.773933216,3,141,102.21,-76.74,Large Deficit,0
Telangana,Bhadradri Kothagudem,2020,Zaid,72.148567222,8,92,87.36,-17.41,Below Normal,0
Telangana,Bhadradri Kothagudem,2021,Kharif,970.546471928,56,97,926.22,4.79,Normal,0
Telangana,Bhadradri Kothagudem,2021,Rabi,155.304981517,14,126,102.21,51.95,Large Excess,1
Telangana,Bhadradri Kothagudem,2021,Zaid,122.330651747,13,76,87.36,40.03,Large Excess,1
Telangana,Bhadradri Kothagudem,2022,Kharif,1135.454753424,57,99,926.22,22.59,Large Excess,1
Telangana,Bhadradri Kothagudem,2022,Rabi,111.9812331853,9,130,102.21,9.56,Above Normal,1
Telangana,Bhadradri Kothagudem,2022,Zaid,52.216945263,6,68,87.36,-40.23,Large Deficit,0
Telangana,Bhadradri Kothagudem,2023,Kharif,1031.9271562652,65,122,926.22,11.41,Above Normal,1
Telangana,Bhadradri Kothagudem,2023,Rabi,189.29932378630002,6,95,102.21,85.21,Large Excess,1
Telangana,Bhadradri Kothagudem,2023,Zaid,201.6181653104,17,92,87.36,130.79,Large Excess,1
Telangana,Hyderabad,2017,Rabi,0.0,0,59,77.6,-100.0,Large Deficit,0
Telangana,Hyderabad,2018,Kharif,519.254294882,43,122,519.17,0.02,Normal,0
Telangana,Hyderabad,2018,Rabi,98.518781916,11,141,77.6,26.96,Large Excess,1
Telangana,Hyderabad,2018,Zaid,31.259073756,4,92,75.49,-58.59,Large Deficit,0
Telangana,Hyderabad,2019,Kharif,492.081224661,40,102,519.17,-5.22,Below Normal,0
Telangana,Hyderabad,2019,Rabi,124.430350454,15,133,77.6,60.35,Large Excess,1
Telangana,Hyderabad,2019,Zaid,52.538429153,4,77,75.49,-30.4,Large Deficit,0
Telangana,Hyderabad,2020,Kharif,283.03613011699997,28,122,519.17,-45.48,Large Deficit,0
Telangana,Hyderabad,2020,Rabi,23.361644946,3,143,77.6,-69.89,Large Deficit,0
Telangana,Hyderabad,2020,Zaid,58.655430774,9,92,75.49,-22.3,Large Deficit,0
Telangana,Hyderabad,2021,Kharif,518.298287973,36,96,519.17,-0.17,Normal,0
Telangana,Hyderabad,2021,Rabi,126.282826959,8,118,77.6,62.74,Large Excess,1
Telangana,Hyderabad,2021,Zaid,62.169914306,8,72,75.49,-17.64,Below Normal,0
Telangana,Hyderabad,2022,Kharif,647.330987337,42,96,519.17,24.69,Large Excess,1
Telangana,Hyderabad,2022,Rabi,146.9615517695,11,136,77.6,89.39,Large Excess,1
Telangana,Hyderabad,2022,Zaid,70.071008208,4,64,75.49,-7.18,Below Normal,0
Telangana,Hyderabad,2023,Kharif,655.0174443513,45,122,519.17,26.17,Large Excess,1
Telangana,Hyderabad,2023,Rabi,23.6312505601,4,95,77.6,-69.55,Large Deficit,0
Telangana,Hyderabad,2023,Zaid,178.2312804829,11,92,75.49,136.11,Large Excess,1
Telangana,Jagitial,2017,Rabi,0.0,0,59,67.23,-100.0,Large Deficit,0
Telangana,Jagitial,2018,Kharif,925.522340767,48,122,859.46,7.69,Above Normal,1
Telangana,Jagitial,2018,Rabi,159.044712389,9,140,67.23,136.56,Large Excess,1
Telangana,Jagitial,2018,Zaid,24.882196427,3,92,52.96,-53.01,Large Deficit,0
Telangana,Jagitial,2019,Kharif,862.052183744,52,103,859.46,0.3,Normal,0
Telangana,Jagitial,2019,Rabi,193.875339601,19,134,67.23,188.36,Large Excess,1
Telangana,Jagitial,2019,Zaid,14.845861728,1,73,52.96,-71.97,Large Deficit,0
Telangana,Jagitial,2020,Kharif,302.094563354,25,108,859.46,-64.85,Large Deficit,0
Telangana,Jagitial,2020,Rabi,28.315082862,3,118,67.23,-57.89,Large Deficit,0
Telangana,Jagitial,2020,Zaid,69.422837632,6,92,52.96,31.1,Large Excess,1
Telangana,Jagitial,2021,Kharif,998.877575902,48,102,859.46,16.22,Above Normal,1
Telangana,Jagitial,2021,Rabi,73.3714556,7,114,67.23,9.13,Above Normal,1
Telangana,Jagitial,2021,Zaid,14.373105921,3,79,52.96,-72.86,Large Deficit,0
Telangana,Jagitial,2022,Kharif,938.715667057,29,47,859.46,9.22,Above Normal,1
Telangana,Jagitial,2022,Rabi,7.9824370239,1,124,67.23,-88.13,Large Deficit,0
Telangana,Jagitial,2022,Zaid,67.547292554,5,71,52.96,27.55,Large Excess,1
Telangana,Jagitial,2023,Kharif,1129.4991738945,51,122,859.46,31.42,Large Excess,1
Telangana,Jagitial,2023,Rabi,8.0456398118,0,76,67.23,-88.03,Large Deficit,0
Telangana,Jagitial,2023,Zaid,126.6648224976,8,92,52.96,139.19,Large Excess,1
Telangana,Jagtial,2022,Kharif,450.027538921,24,52,450.03,0.0,Normal,0
Telangana,Jagtial,2022,Rabi,30.256460718,3,11,30.26,0.0,Normal,0
Telangana,Jangaon,2022,Kharif,338.135612129,24,50,338.14,0.0,Normal,0
Telangana,Jangaon,2022,Rabi,22.318618224999998,1,9,22.32,0.0,Normal,0
Telangana,Jangoan,2017,Rabi,0.0,0,59,86.71,-100.0,Large Deficit,0
Telangana,Jangoan,2018,Kharif,639.892979952,41,122,608.58,5.14,Above Normal,1
Telangana,Jangoan,2018,Rabi,91.80130395799999,11,141,86.71,5.87,Above Normal,1
Telangana,Jangoan,2018,Zaid,37.672050726,4,92,67.58,-44.26,Large Deficit,0
Telangana,Jangoan,2019,Kharif,738.966202062,51,101,608.58,21.42,Large Excess,1
Telangana,Jangoan,2019,Rabi,206.53445826499998,17,129,86.71,138.18,Large Excess,1
Telangana,Jangoan,2019,Zaid,42.856767902,7,67,67.58,-36.58,Large Deficit,0
Telangana,Jangoan,2020,Kharif,316.683445679,24,99,608.58,-47.96,Large Deficit,0
Telangana,Jangoan,2020,Rabi,15.936125124,3,117,86.71,-81.62,Large Deficit,0
Telangana,Jangoan,2020,Zaid,37.958311638,7,79,67.58,-43.83,Large Deficit,0
Telangana,Jangoan,2021,Kharif,715.3772943179999,38,93,608.58,17.55,Above Normal,1
Telangana,Jangoan,2021,Rabi,186.375192117,15,119,86.71,114.93,Large Excess,1
Telangana,Jangoan,2021,Zaid,47.395322647,5,76,67.58,-29.87,Large Deficit,0
Telangana,Jangoan,2022,Kharif,533.018991984,25,45,608.58,-12.42,Below Normal,0
Telangana,Jangoan,2022,Rabi,82.3105680189,5,104,86.71,-5.08,Below Normal,0
Telangana,Jangoan,2022,Zaid,14.4372315277,1,75,67.58,-78.64,Large Deficit,0
Telangana,Jangoan,2023,Kharif,707.562294429,36,93,608.58,16.26,Above Normal,1
Telangana,Jangoan,2023,Rabi,24.0375456696,4,80,86.71,-72.28,Large Deficit,0
Telangana,Jangoan,2023,Zaid,225.1566896208,14,73,67.58,233.17,Large Excess,1
Telangana,Jayashankar Bhupalapally,2017,Rabi,0.0,0,59,84.18,-100.0,Large Deficit,0
Telangana,Jayashankar Bhupalapally,2018,Kharif,1236.91110436,63,122,964.28,28.27,Large Excess,1
Telangana,Jayashankar Bhupalapally,2018,Rabi,152.350337495,9,141,84.18,80.98,Large Excess,1
Telangana,Jayashankar Bhupalapally,2018,Zaid,26.268698938,4,92,57.83,-54.57,Large Deficit,0
Telangana,Jayashankar Bhupalapally,2019,Kharif,1036.467740558,63,103,964.28,7.49,Above Normal,1
Telangana,Jayashankar Bhupalapally,2019,Rabi,208.1720156,14,122,84.18,147.3,Large Excess,1
Telangana,Jayashankar Bhupalapally,2019,Zaid,39.95569587,6,79,57.83,-30.9,Large Deficit,0
Telangana,Jayashankar Bhupalapally,2020,Kharif,480.349719499,30,103,964.28,-50.19,Large Deficit,0
Telangana,Jayashankar Bhupalapally,2020,Rabi,41.707241104,3,119,84.18,-50.45,Large Deficit,0
Telangana,Jayashankar Bhupalapally,2020,Zaid,51.4485151,9,79,57.83,-11.03,Below Normal,0
Telangana,Jayashankar Bhupalapally,2021,Kharif,875.608343215,56,94,964.28,-9.2,Below Normal,0
Telangana,Jayashankar Bhupalapally,2021,Rabi,100.171249539,13,127,84.18,19.0,Above Normal,1
Telangana,Jayashankar Bhupalapally,2021,Zaid,77.172597562,7,75,57.83,33.46,Large Excess,1
Telangana,Jayashankar Bhupalapally,2022,Kharif,1106.102557149,57,94,964.28,14.71,Above Normal,1
Telangana,Jayashankar Bhupalapally,2022,Rabi,52.6673681702,4,117,84.18,-37.43,Large Deficit,0
Telangana,Jayashankar Bhupalapally,2022,Zaid,8.909291217,0,76,57.83,-84.59,Large Deficit,0
Telangana,Jayashankar Bhupalapally,2023,Kharif,1050.2658648203,54,93,964.28,8.92,Above Normal,1
Telangana,Jayashankar Bhupalapally,2023,Rabi,34.183453394100006,3,72,84.18,-59.39,Large Deficit,0
Telangana,Jayashankar Bhupalapally,2023,Zaid,143.1992855572,9,76,57.83,147.64,Large Excess,1
Telangana,Jogulamba Gadwal,2017,Rabi,0.0,0,59,64.62,-100.0,Large Deficit,0
Telangana,Jogulamba Gadwal,2018,Kharif,205.001608479,25,101,362.79,-43.49,Large Deficit,0
Telangana,Jogulamba Gadwal,2018,Rabi,98.324230057,10,108,64.62,52.15,Large Excess,1
Telangana,Jogulamba Gadwal,2018,Zaid,4.295473026,0,85,58.65,-92.68,Large Deficit,0
Telangana,Jogulamba Gadwal,2019,Kharif,332.842565946,32,97,362.79,-8.25,Below Normal,0
Telangana,Jogulamba Gadwal,2019,Rabi,88.210662041,7,136,64.62,36.5,Large Excess,1
Telangana,Jogulamba Gadwal,2019,Zaid,26.119286625,4,72,58.65,-55.46,Large Deficit,0
Telangana,Jogulamba Gadwal,2020,Kharif,421.27660618199997,32,122,362.79,16.12,Above Normal,1
Telangana,Jogulamba Gadwal,2020,Rabi,7.649265056,0,140,64.62,-88.16,Large Deficit,0
Telangana,Jogulamba Gadwal,2020,Zaid,36.949386024,3,92,58.65,-37.0,Large Deficit,0
Telangana,Jogulamba Gadwal,2021,Kharif,335.347637519,28,96,362.79,-7.56,Below Normal,0
Telangana,Jogulamba Gadwal,2021,Rabi,128.642113886,12,121,64.62,99.07,Large Excess,1
Telangana,Jogulamba Gadwal,2021,Zaid,64.003174529,10,76,58.65,9.14,Above Normal,1
Telangana,Jogulamba Gadwal,2022,Kharif,399.72084083,33,90,362.79,10.18,Above Normal,1
Telangana,Jogulamba Gadwal,2022,Rabi,110.2540043101,9,114,64.62,70.62,Large Excess,1
Telangana,Jogulamba Gadwal,2022,Zaid,50.909418587,3,80,58.65,-13.19,Below Normal,0
Telangana,Jogulamba Gadwal,2023,Kharif,482.5415011073,36,122,362.79,33.01,Large Excess,1
Telangana,Jogulamba Gadwal,2023,Rabi,19.2680587412,1,95,64.62,-70.18,Large Deficit,0
Telangana,Jogulamba Gadwal,2023,Zaid,169.59489635650002,10,74,58.65,189.19,Large Excess,1
Telangana,Kamareddy,2017,Rabi,0.0,0,52,74.43,-100.0,Large Deficit,0
Telangana,Kamareddy,2018,Kharif,537.165830882,34,105,818.18,-34.35,Large Deficit,0
Telangana,Kamareddy,2018,Rabi,61.684117132000004,7,127,74.43,-17.13,Below Normal,0
Telangana,Kamareddy,2018,Zaid,10.995189423,0,76,58.21,-81.11,Large Deficit,0
Telangana,Kamareddy,2019,Kharif,756.340993457,46,95,818.18,-7.56,Below Normal,0
Telangana,Kamareddy,2019,Rabi,198.415060614,17,133,74.43,166.57,Large Excess,1
Telangana,Kamareddy,2019,Zaid,8.423933186,1,75,58.21,-85.53,Large Deficit,0
Telangana,Kamareddy,2020,Kharif,438.66863739400003,34,122,818.18,-46.38,Large Deficit,0
Telangana,Kamareddy,2020,Rabi,73.402103417,6,142,74.43,-1.39,Normal,0
Telangana,Kamareddy,2020,Zaid,89.323252563,12,92,58.21,53.45,Large Excess,1
Telangana,Kamareddy,2021,Kharif,1251.452424864,56,103,818.18,52.96,Large Excess,1
Telangana,Kamareddy,2021,Rabi,49.552451193,6,121,74.43,-33.43,Large Deficit,0
Telangana,Kamareddy,2021,Zaid,34.35630711,6,66,58.21,-40.98,Large Deficit,0
Telangana,Kamareddy,2022,Kharif,781.5679441359999,43,88,818.18,-4.48,Normal,0
Telangana,Kamareddy,2022,Rabi,112.8508948298,9,137,74.43,51.61,Large Excess,1
Telangana,Kamareddy,2022,Zaid,17.8695086052,1,72,58.21,-69.3,Large Deficit,0
Telangana,Kamareddy,2023,Kharif,1143.8964403446,55,121,818.18,39.81,Large Excess,1
Telangana,Kamareddy,2023,Rabi,25.1289251474,3,79,74.43,-66.24,Large Deficit,0
Telangana,Kamareddy,2023,Zaid,188.2843869086,18,92,58.21,223.46,Large Excess,1
Telangana,Karimnagar,2017,Rabi,0.0,0,48,71.3,-100.0,Large Deficit,0
Telangana,Karimnagar,2018,Kharif,751.717151459,46,106,762.4,-1.4,Normal,0
Telangana,Karimnagar,2018,Rabi,85.118560982,6,116,71.3,19.37,Above Normal,1
Telangana,Karimnagar,2018,Zaid,21.744146384,2,74,47.79,-54.5,Large Deficit,0
Telangana,Karimnagar,2019,Kharif,809.862493912,53,102,762.4,6.23,Above Normal,1
Telangana,Karimnagar,2019,Rabi,212.955577555,16,131,71.3,198.65,Large Excess,1
Telangana,Karimnagar,2019,Zaid,9.243700014,0,77,47.79,-80.66,Large Deficit,0
Telangana,Karimnagar,2020,Kharif,354.861306475,26,97,762.4,-53.45,Large Deficit,0
Telangana,Karimnagar,2020,Rabi,21.019675979,2,118,71.3,-70.52,Large Deficit,0
Telangana,Karimnagar,2020,Zaid,48.686127399,7,92,47.79,1.88,Normal,0
Telangana,Karimnagar,2021,Kharif,920.171799328,40,90,762.4,20.69,Large Excess,1
Telangana,Karimnagar,2021,Rabi,79.467120491,7,117,71.3,11.45,Above Normal,1
Telangana,Karimnagar,2021,Zaid,33.005207502,4,74,47.79,-30.93,Large Deficit,0
Telangana,Karimnagar,2022,Kharif,808.698251779,49,95,762.4,6.07,Above Normal,1
Telangana,Karimnagar,2022,Rabi,81.3427205801,6,125,71.3,14.08,Above Normal,1
Telangana,Karimnagar,2022,Zaid,3.5695503090000003,0,75,47.79,-92.53,Large Deficit,0
Telangana,Karimnagar,2023,Kharif,929.0843873932,37,100,762.4,21.86,Large Excess,1
Telangana,Karimnagar,2023,Rabi,19.2309820082,3,75,71.3,-73.03,Large Deficit,0
Telangana,Karimnagar,2023,Zaid,170.4661011938,9,76,47.79,256.73,Large Excess,1
Telangana,Khammam,2017,Rabi,0.0,0,45,103.16,-100.0,Large Deficit,0
Telangana,Khammam,2018,Kharif,904.085389238,48,104,733.42,23.27,Large Excess,1
Telangana,Khammam,2018,Rabi,100.795643484,9,121,103.16,-2.29,Normal,0
Telangana,Khammam,2018,Zaid,15.469079605000001,1,69,63.35,-75.58,Large Deficit,0
Telangana,Khammam,2019,Kharif,727.070536316,49,96,733.42,-0.87,Normal,0
Telangana,Khammam,2019,Rabi,161.841903158,16,119,103.16,56.88,Large Excess,1
Telangana,Khammam,2019,Zaid,44.860805114,6,79,63.35,-29.19,Large Deficit,0
Telangana,Khammam,2020,Kharif,423.508937945,25,95,733.42,-42.26,Large Deficit,0
Telangana,Khammam,2020,Rabi,24.365052634,3,117,103.16,-76.38,Large Deficit,0
Telangana,Khammam,2020,Zaid,44.217105181,6,83,63.35,-30.2,Large Deficit,0
Telangana,Khammam,2021,Kharif,976.213468869,54,103,733.42,33.1,Large Excess,1
Telangana,Khammam,2021,Rabi,78.842278971,9,109,103.16,-23.57,Large Deficit,0
Telangana,Khammam,2021,Zaid,51.133958916,5,67,63.35,-19.29,Below Normal,0
Telangana,Khammam,2022,Kharif,837.332309604,45,90,733.42,14.17,Above Normal,1
Telangana,Khammam,2022,Rabi,136.9354956409,9,119,103.16,32.74,Large Excess,1
Telangana,Khammam,2022,Zaid,23.9563038848,3,77,63.35,-62.19,Large Deficit,0
Telangana,Khammam,2023,Kharif,532.3057255519,41,95,733.42,-27.42,Large Deficit,0
Telangana,Khammam,2023,Rabi,219.35759820989998,6,83,103.16,112.63,Large Excess,1
Telangana,Khammam,2023,Zaid,200.4781101156,13,78,63.35,216.45,Large Excess,1
Telangana,Kumuram Bheem,2022,Kharif,517.304353194,27,52,517.3,0.0,Normal,0
Telangana,Kumuram Bheem,2022,Rabi,35.177607573,5,9,35.18,0.0,Normal,0
Telangana,Kumuram Bheem Asifabad,2017,Rabi,0.0,0,52,59.12,-100.0,Large Deficit,0
Telangana,Kumuram Bheem Asifabad,2018,Kharif,917.473595507,46,102,866.76,5.85,Above Normal,1
Telangana,Kumuram Bheem Asifabad,2018,Rabi,137.546558002,8,121,59.12,132.67,Large Excess,1
Telangana,Kumuram Bheem Asifabad,2018,Zaid,32.626900701,5,72,44.79,-27.15,Large Deficit,0
Telangana,Kumuram Bheem Asifabad,2019,Kharif,1155.443237339,61,103,866.76,33.31,Large Excess,1
Telangana,Kumuram Bheem Asifabad,2019,Rabi,93.85633928,9,116,59.12,58.76,Large Excess,1
Telangana,Kumuram Bheem Asifabad,2019,Zaid,21.115994032,2,74,44.79,-52.85,Large Deficit,0
Telangana,Kumuram Bheem Asifabad,2020,Kharif,346.313192986,27,94,866.76,-60.05,Large Deficit,0
Telangana,Kumuram Bheem Asifabad,2020,Rabi,75.004822631,8,117,59.12,26.87,Large Excess,1
Telangana,Kumuram Bheem Asifabad,2020,Zaid,87.205268807,10,73,44.79,94.71,Large Excess,1
Telangana,Kumuram Bheem Asifabad,2021,Kharif,1125.6619996910001,69,103,866.76,29.87,Large Excess,1
Telangana,Kumuram Bheem Asifabad,2021,Rabi,72.36804143399999,12,121,59.12,22.41,Large Excess,1
Telangana,Kumuram Bheem Asifabad,2021,Zaid,27.412077376,4,75,44.79,-38.79,Large Deficit,0
Telangana,Kumuram Bheem Asifabad,2022,Kharif,935.483566396,33,46,866.76,7.93,Above Normal,1
Telangana,Kumuram Bheem Asifabad,2022,Rabi,22.8394424417,3,113,59.12,-61.37,Large Deficit,0
Telangana,Kumuram Bheem Asifabad,2022,Zaid,9.489098046999999,1,68,44.79,-78.81,Large Deficit,0
Telangana,Kumuram Bheem Asifabad,2023,Kharif,720.1919182946,39,90,866.76,-16.91,Below Normal,0
Telangana,Kumuram Bheem Asifabad,2023,Rabi,12.2066236957,2,71,59.12,-79.35,Large Deficit,0
Telangana,Kumuram Bheem Asifabad,2023,Zaid,90.8734973498,11,76,44.79,102.9,Large Excess,1
Telangana,Mahabubabad,2017,Rabi,0.0,0,49,101.86,-100.0,Large Deficit,0
Telangana,Mahabubabad,2018,Kharif,682.67651591,31,95,850.9,-19.77,Below Normal,0
Telangana,Mahabubabad,2018,Rabi,106.270330262,8,126,101.86,4.33,Normal,0
Telangana,Mahabubabad,2018,Zaid,32.139353445,4,63,66.21,-51.46,Large Deficit,0
Telangana,Mahabubabad,2019,Kharif,841.91718781,58,101,850.9,-1.06,Normal,0
Telangana,Mahabubabad,2019,Rabi,203.39099616,20,126,101.86,99.67,Large Excess,1
Telangana,Mahabubabad,2019,Zaid,40.255514254,6,81,66.21,-39.2,Large Deficit,0
Telangana,Mahabubabad,2020,Kharif,439.210025873,25,95,850.9,-48.38,Large Deficit,0
Telangana,Mahabubabad,2020,Rabi,15.857018403,1,115,101.86,-84.43,Large Deficit,0
Telangana,Mahabubabad,2020,Zaid,22.310747188,3,69,66.21,-66.31,Large Deficit,0
Telangana,Mahabubabad,2021,Kharif,1068.86168406,54,97,850.9,25.62,Large Excess,1
Telangana,Mahabubabad,2021,Rabi,152.636776309,14,123,101.86,49.85,Large Excess,1
Telangana,Mahabubabad,2021,Zaid,73.37203154299999,9,72,66.21,10.81,Above Normal,1
Telangana,Mahabubabad,2022,Kharif,1096.6340300754,52,100,850.9,28.88,Large Excess,1
Telangana,Mahabubabad,2022,Rabi,104.6290604889,8,130,101.86,2.72,Normal,0
Telangana,Mahabubabad,2022,Zaid,28.314482207,3,81,66.21,-57.24,Large Deficit,0
Telangana,Mahabubabad,2023,Kharif,976.1018622877,49,107,850.9,14.71,Above Normal,1
Telangana,Mahabubabad,2023,Rabi,130.2545353272,5,75,101.86,27.87,Large Excess,1
Telangana,Mahabubabad,2023,Zaid,200.8963818434,11,73,66.21,203.4,Large Excess,1
Telangana,Mahabubnagar,2017,Rabi,0.0,0,47,64.06,-100.0,Large Deficit,0
Telangana,Mahabubnagar,2018,Kharif,278.059975076,26,97,430.4,-35.39,Large Deficit,0
Telangana,Mahabubnagar,2018,Rabi,122.415950338,11,119,64.06,91.08,Large Excess,1
Telangana,Mahabubnagar,2018,Zaid,23.211369455,1,77,53.37,-56.51,Large Deficit,0
Telangana,Mahabubnagar,2019,Kharif,397.220049431,36,90,430.4,-7.71,Below Normal,0
Telangana,Mahabubnagar,2019,Rabi,118.514005474,10,124,64.06,84.99,Large Excess,1
Telangana,Mahabubnagar,2019,Zaid,30.460294637,4,74,53.37,-42.93,Large Deficit,0
Telangana,Mahabubnagar,2020,Kharif,317.20547717,27,104,430.4,-26.3,Large Deficit,0
Telangana,Mahabubnagar,2020,Rabi,6.263203939,0,123,64.06,-90.22,Large Deficit,0
Telangana,Mahabubnagar,2020,Zaid,37.346471862,4,72,53.37,-30.02,Large Deficit,0
Telangana,Mahabubnagar,2021,Kharif,482.07490633,43,98,430.4,12.01,Above Normal,1
Telangana,Mahabubnagar,2021,Rabi,87.20132352899999,7,125,64.06,36.11,Large Excess,1
Telangana,Mahabubnagar,2021,Zaid,76.953508902,8,76,53.37,44.19,Large Excess,1
Telangana,Mahabubnagar,2022,Kharif,640.281333192,44,93,430.4,48.77,Large Excess,1
Telangana,Mahabubnagar,2022,Rabi,96.322607793,9,119,64.06,50.35,Large Excess,1
Telangana,Mahabubnagar,2022,Zaid,48.3223944954,5,66,53.37,-9.46,Below Normal,0
Telangana,Mahabubnagar,2023,Kharif,467.5336991119,26,94,430.4,8.63,Above Normal,1
Telangana,Mahabubnagar,2023,Rabi,17.7340552818,4,85,64.06,-72.32,Large Deficit,0
Telangana,Mahabubnagar,2023,Zaid,103.92967500089999,9,75,53.37,94.73,Large Excess,1
Telangana,Mancherial,2017,Rabi,0.0,0,50,56.7,-100.0,Large Deficit,0
Telangana,Mancherial,2018,Kharif,949.813118903,52,97,883.82,7.47,Above Normal,1
Telangana,Mancherial,2018,Rabi,131.541828381,7,127,56.7,132.0,Large Excess,1
Telangana,Mancherial,2018,Zaid,12.886193904999999,1,74,42.38,-69.6,Large Deficit,0
Telangana,Mancherial,2019,Kharif,1002.306533531,57,95,883.82,13.41,Above Normal,1
Telangana,Mancherial,2019,Rabi,135.342003622,13,119,56.7,138.7,Large Excess,1
Telangana,Mancherial,2019,Zaid,13.776130458,2,72,42.38,-67.5,Large Deficit,0
Telangana,Mancherial,2020,Kharif,367.026096829,28,93,883.82,-58.47,Large Deficit,0
Telangana,Mancherial,2020,Rabi,23.017161622,4,115,56.7,-59.41,Large Deficit,0
Telangana,Mancherial,2020,Zaid,46.325397209,6,79,42.38,9.3,Above Normal,1
Telangana,Mancherial,2021,Kharif,771.809755216,55,99,883.82,-12.67,Below Normal,0
Telangana,Mancherial,2021,Rabi,52.95997733,5,119,56.7,-6.6,Below Normal,0
Telangana,Mancherial,2021,Zaid,35.760783971,6,70,42.38,-15.62,Below Normal,0
Telangana,Mancherial,2022,Kharif,1257.101050498,56,100,883.82,42.23,Large Excess,1
Telangana,Mancherial,2022,Rabi,41.970874749400004,7,121,56.7,-25.98,Large Deficit,0
Telangana,Mancherial,2022,Zaid,19.537920523,2,70,42.38,-53.9,Large Deficit,0
Telangana,Mancherial,2023,Kharif,954.8904334795,50,99,883.82,8.04,Above Normal,1
Telangana,Mancherial,2023,Rabi,12.067743942,2,77,56.7,-78.72,Large Deficit,0
Telangana,Mancherial,2023,Zaid,126.0097954971,10,73,42.38,197.31,Large Excess,1
Telangana,Medak,2017,Rabi,0.0,0,47,78.34,-100.0,Large Deficit,0
Telangana,Medak,2018,Kharif,388.95641765799996,35,98,661.72,-41.22,Large Deficit,0
Telangana,Medak,2018,Rabi,112.52520672200001,11,125,78.34,43.63,Large Excess,1
Telangana,Medak,2018,Zaid,27.949894336000003,3,75,62.11,-55.0,Large Deficit,0
Telangana,Medak,2019,Kharif,709.336956511,50,98,661.72,7.2,Above Normal,1
Telangana,Medak,2019,Rabi,187.673542383,18,127,78.34,139.56,Large Excess,1
Telangana,Medak,2019,Zaid,21.285045331,2,76,62.11,-65.73,Large Deficit,0
Telangana,Medak,2020,Kharif,344.202916551,23,94,661.72,-47.98,Large Deficit,0
Telangana,Medak,2020,Rabi,68.934004355,4,113,78.34,-12.01,Below Normal,0
Telangana,Medak,2020,Zaid,126.578801917,10,74,62.11,103.79,Large Excess,1
Telangana,Medak,2021,Kharif,933.065945757,50,103,661.72,41.01,Large Excess,1
Telangana,Medak,2021,Rabi,78.477719014,7,117,78.34,0.17,Normal,0
Telangana,Medak,2021,Zaid,34.418540693,5,75,62.11,-44.59,Large Deficit,0
Telangana,Medak,2022,Kharif,877.34227664,51,99,661.72,32.59,Large Excess,1
Telangana,Medak,2022,Rabi,80.62113199939999,7,117,78.34,2.91,Normal,0
Telangana,Medak,2022,Zaid,63.504434545,4,77,62.11,2.24,Normal,0
Telangana,Medak,2023,Kharif,717.3859351405,40,99,661.72,8.41,Above Normal,1
Telangana,Medak,2023,Rabi,20.1582943348,3,75,78.34,-74.27,Large Deficit,0
Telangana,Medak,2023,Zaid,98.9377765548,11,70,62.11,59.29,Large Excess,1
Telangana,Medchal Malkajgiri,2017,Rabi,0.0,0,48,68.19,-100.0,Large Deficit,0
Telangana,Medchal Malkajgiri,2018,Kharif,328.031550909,27,100,454.84,-27.88,Large Deficit,0
Telangana,Medchal Malkajgiri,2018,Rabi,100.531437034,9,116,68.19,47.43,Large Excess,1
Telangana,Medchal Malkajgiri,2018,Zaid,41.090985488,4,70,53.82,-23.65,Large Deficit,0
Telangana,Medchal Malkajgiri,2019,Kharif,457.496913934,35,93,454.84,0.58,Normal,0
Telangana,Medchal Malkajgiri,2019,Rabi,203.695850931,20,125,68.19,198.72,Large Excess,1
Telangana,Medchal Malkajgiri,2019,Zaid,31.844381593999998,2,69,53.82,-40.83,Large Deficit,0
Telangana,Medchal Malkajgiri,2020,Kharif,207.221653637,17,98,454.84,-54.44,Large Deficit,0
Telangana,Medchal Malkajgiri,2020,Rabi,19.602780685,2,127,68.19,-71.25,Large Deficit,0
Telangana,Medchal Malkajgiri,2020,Zaid,51.559483914,5,74,53.82,-4.2,Normal,0
Telangana,Medchal Malkajgiri,2021,Kharif,746.595263583,39,99,454.84,64.14,Large Excess,1
Telangana,Medchal Malkajgiri,2021,Rabi,103.742050433,10,124,68.19,52.14,Large Excess,1
Telangana,Medchal Malkajgiri,2021,Zaid,40.46468097,6,71,53.82,-24.81,Large Deficit,0
Telangana,Medchal Malkajgiri,2022,Kharif,324.625203025,23,45,454.84,-28.63,Large Deficit,0
Telangana,Medchal Malkajgiri,2022,Rabi,35.289073109600004,4,116,68.19,-48.25,Large Deficit,0
Telangana,Medchal Malkajgiri,2022,Zaid,10.741234472,2,69,53.82,-80.04,Large Deficit,0
Telangana,Medchal Malkajgiri,2023,Kharif,665.0875959118,36,97,454.84,46.22,Large Excess,1
Telangana,Medchal Malkajgiri,2023,Rabi,14.4645378329,2,74,68.19,-78.79,Large Deficit,0
Telangana,Medchal Malkajgiri,2023,Zaid,147.20749866059998,8,70,53.82,173.53,Large Excess,1
Telangana,Medchal-Malkajgiri,2022,Kharif,237.546882547,19,53,237.55,0.0,Normal,0
Telangana,Medchal-Malkajgiri,2022,Rabi,51.953676639,4,11,51.95,0.0,Normal,0
Telangana,Mulugu,2017,Rabi,0.0,0,53,99.58,-100.0,Large Deficit,0
Telangana,Mulugu,2018,Kharif,996.997561577,48,102,1017.83,-2.05,Normal,0
Telangana,Mulugu,2018,Rabi,154.087359325,14,128,99.58,54.73,Large Excess,1
Telangana,Mulugu,2018,Zaid,24.371031495,3,77,70.16,-65.26,Large Deficit,0
Telangana,Mulugu,2019,Kharif,1141.245346379,59,99,1017.83,12.13,Above Normal,1
Telangana,Mulugu,2019,Rabi,236.714302001,17,125,99.58,137.7,Large Excess,1
Telangana,Mulugu,2019,Zaid,47.322005039,10,78,70.16,-32.55,Large Deficit,0
Telangana,Mulugu,2020,Kharif,642.908845807,33,101,1017.83,-36.84,Large Deficit,0
Telangana,Mulugu,2020,Rabi,30.24187674,4,121,99.58,-69.63,Large Deficit,0
Telangana,Mulugu,2020,Zaid,55.384046947,7,73,70.16,-21.06,Large Deficit,0
Telangana,Mulugu,2021,Kharif,999.02847707,57,98,1017.83,-1.85,Normal,0
Telangana,Mulugu,2021,Rabi,98.163839645,8,115,99.58,-1.43,Normal,0
Telangana,Mulugu,2021,Zaid,111.588171792,13,73,70.16,59.05,Large Excess,1
Telangana,Mulugu,2022,Kharif,1356.793601574,58,97,1017.83,33.3,Large Excess,1
Telangana,Mulugu,2022,Rabi,77.3071122867,8,114,99.58,-22.37,Large Deficit,0
Telangana,Mulugu,2022,Zaid,28.8534790526,5,70,70.16,-58.87,Large Deficit,0
Telangana,Mulugu,2023,Kharif,970.0201430588,57,100,1017.83,-4.7,Normal,0
Telangana,Mulugu,2023,Rabi,100.57685536380001,6,77,99.58,1.0,Normal,0
Telangana,Mulugu,2023,Zaid,153.441507155,12,82,70.16,118.7,Large Excess,1
Telangana,Nagarkurnool,2017,Rabi,0.0,0,48,76.32,-100.0,Large Deficit,0
Telangana,Nagarkurnool,2018,Kharif,191.463246349,23,94,368.23,-48.0,Large Deficit,0
Telangana,Nagarkurnool,2018,Rabi,136.353082781,12,122,76.32,78.67,Large Excess,1
Telangana,Nagarkurnool,2018,Zaid,23.637816272,2,73,54.06,-56.27,Large Deficit,0
Telangana,Nagarkurnool,2019,Kharif,434.997918378,45,95,368.23,18.13,Above Normal,1
Telangana,Nagarkurnool,2019,Rabi,119.142599417,12,120,76.32,56.11,Large Excess,1
Telangana,Nagarkurnool,2019,Zaid,21.535943324,2,68,54.06,-60.16,Large Deficit,0
Telangana,Nagarkurnool,2020,Kharif,217.098899391,21,98,368.23,-41.04,Large Deficit,0
Telangana,Nagarkurnool,2020,Rabi,13.418636294999999,0,124,76.32,-82.42,Large Deficit,0
Telangana,Nagarkurnool,2020,Zaid,38.314162764,7,70,54.06,-29.12,Large Deficit,0
Telangana,Nagarkurnool,2021,Kharif,426.750532458,40,99,368.23,15.89,Above Normal,1
Telangana,Nagarkurnool,2021,Rabi,90.651656661,10,113,76.32,18.78,Above Normal,1
Telangana,Nagarkurnool,2021,Zaid,64.097848188,7,80,54.06,18.58,Above Normal,1
Telangana,Nagarkurnool,2022,Kharif,585.940439995,48,99,368.23,59.12,Large Excess,1
Telangana,Nagarkurnool,2022,Rabi,136.1503637861,12,124,76.32,78.4,Large Excess,1
Telangana,Nagarkurnool,2022,Zaid,54.871817607000004,8,76,54.06,1.51,Normal,0
Telangana,Nagarkurnool,2023,Kharif,353.1404326468,29,96,368.23,-4.1,Normal,0
Telangana,Nagarkurnool,2023,Rabi,38.5073702094,6,73,76.32,-49.54,Large Deficit,0
Telangana,Nagarkurnool,2023,Zaid,121.88117919870001,8,72,54.06,125.47,Large Excess,1
Telangana,Nalgonda,2017,Rabi,0.0,0,51,101.9,-100.0,Large Deficit,0
Telangana,Nalgonda,2018,Kharif,372.766277236,25,88,434.14,-14.14,Below Normal,0
Telangana,Nalgonda,2018,Rabi,86.814047537,7,122,101.9,-14.81,Below Normal,0
Telangana,Nalgonda,2018,Zaid,25.864079653,3,74,41.71,-37.98,Large Deficit,0
Telangana,Nalgonda,2019,Kharif,561.807801059,53,122,434.14,29.41,Large Excess,1
Telangana,Nalgonda,2019,Rabi,224.71824534,21,146,101.9,120.53,Large Excess,1
Telangana,Nalgonda,2019,Zaid,26.723271458,5,83,41.71,-35.92,Large Deficit,0
Telangana,Nalgonda,2020,Kharif,296.571975575,26,99,434.14,-31.69,Large Deficit,0
Telangana,Nalgonda,2020,Rabi,36.92426138,4,123,101.9,-63.76,Large Deficit,0
Telangana,Nalgonda,2020,Zaid,44.624063741,6,67,41.71,7.0,Above Normal,1
Telangana,Nalgonda,2021,Kharif,588.276189444,39,92,434.14,35.5,Large Excess,1
Telangana,Nalgonda,2021,Rabi,176.123436334,18,127,101.9,72.84,Large Excess,1
Telangana,Nalgonda,2021,Zaid,37.299683275,4,75,41.71,-10.56,Below Normal,0
Telangana,Nalgonda,2022,Kharif,393.846073954,38,90,434.14,-9.28,Below Normal,0
Telangana,Nalgonda,2022,Rabi,152.34004890420002,14,127,101.9,49.5,Large Excess,1
Telangana,Nalgonda,2022,Zaid,26.852952728,2,70,41.71,-35.61,Large Deficit,0
Telangana,Nalgonda,2023,Kharif,391.5542548398,34,94,434.14,-9.81,Below Normal,0
Telangana,Nalgonda,2023,Rabi,36.3828644442,7,78,101.9,-64.3,Large Deficit,0
Telangana,Nalgonda,2023,Zaid,88.8682255753,12,70,41.71,113.09,Large Excess,1
Telangana,Narayanpet,2017,Rabi,0.0,0,49,69.47,-100.0,Large Deficit,0
Telangana,Narayanpet,2018,Kharif,253.06035802,26,95,501.28,-49.52,Large Deficit,0
Telangana,Narayanpet,2018,Rabi,68.06767361600001,8,127,69.47,-2.01,Normal,0
Telangana,Narayanpet,2018,Zaid,16.196232955,2,71,52.37,-69.07,Large Deficit,0
Telangana,Narayanpet,2019,Kharif,511.91231867,43,122,501.28,2.12,Normal,0
Telangana,Narayanpet,2019,Rabi,153.137831515,16,145,69.47,120.45,Large Excess,1
Telangana,Narayanpet,2019,Zaid,16.491272995,2,92,52.37,-68.51,Large Deficit,0
Telangana,Narayanpet,2020,Kharif,386.357308813,27,102,501.28,-22.93,Large Deficit,0
Telangana,Narayanpet,2020,Rabi,18.637448841999998,2,121,69.47,-73.17,Large Deficit,0
Telangana,Narayanpet,2020,Zaid,59.157223163,7,73,52.37,12.96,Above Normal,1
Telangana,Narayanpet,2021,Kharif,601.4958560379999,44,93,501.28,19.99,Above Normal,1
Telangana,Narayanpet,2021,Rabi,97.890146149,10,114,69.47,40.92,Large Excess,1
Telangana,Narayanpet,2021,Zaid,78.851417639,8,73,52.37,50.57,Large Excess,1
Telangana,Narayanpet,2022,Kharif,664.426599542,49,107,501.28,32.55,Large Excess,1
Telangana,Narayanpet,2022,Rabi,133.1775560721,8,126,69.47,91.71,Large Excess,1
Telangana,Narayanpet,2022,Zaid,78.770405942,7,73,52.37,50.42,Large Excess,1
Telangana,Narayanpet,2023,Kharif,590.4463732229,38,103,501.28,17.79,Above Normal,1
Telangana,Narayanpet,2023,Rabi,15.356782857099999,3,83,69.47,-77.89,Large Deficit,0
Telangana,Narayanpet,2023,Zaid,64.743343138,9,71,52.37,23.63,Large Excess,1
Telangana,Nirmal,2017,Rabi,0.0,0,48,63.05,-100.0,Large Deficit,0
Telangana,Nirmal,2018,Kharif,819.610464547,44,95,970.37,-15.54,Below Normal,0
Telangana,Nirmal,2018,Rabi,127.468134208,11,137,63.05,102.16,Large Excess,1
Telangana,Nirmal,2018,Zaid,47.543244456000004,3,77,39.64,19.93,Above Normal,1
Telangana,Nirmal,2019,Kharif,949.555557969,55,103,970.37,-2.15,Normal,0
Telangana,Nirmal,2019,Rabi,129.816366827,15,123,63.05,105.88,Large Excess,1
Telangana,Nirmal,2019,Zaid,9.741715909,1,89,39.64,-75.43,Large Deficit,0
Telangana,Nirmal,2020,Kharif,254.882840468,25,100,970.37,-73.73,Large Deficit,0
Telangana,Nirmal,2020,Rabi,35.267920375,5,119,63.05,-44.07,Large Deficit,0
Telangana,Nirmal,2020,Zaid,38.611964023,7,68,39.64,-2.6,Normal,0
Telangana,Nirmal,2021,Kharif,1276.505402176,54,96,970.37,31.55,Large Excess,1
Telangana,Nirmal,2021,Rabi,66.659319013,10,124,63.05,5.72,Above Normal,1
Telangana,Nirmal,2021,Zaid,36.028935833,5,79,39.64,-9.11,Below Normal,0
Telangana,Nirmal,2022,Kharif,1547.19424549,58,97,970.37,59.44,Large Excess,1
Telangana,Nirmal,2022,Rabi,52.2295039207,7,119,63.05,-17.17,Below Normal,0
Telangana,Nirmal,2022,Zaid,31.61818545,4,71,39.64,-20.24,Large Deficit,0
Telangana,Nirmal,2023,Kharif,974.4801203463,46,95,970.37,0.42,Normal,0
Telangana,Nirmal,2023,Rabi,29.935967220400002,3,75,63.05,-52.52,Large Deficit,0
Telangana,Nirmal,2023,Zaid,74.3083122433,9,73,39.64,87.45,Large Excess,1
Telangana,Nizamabad,2017,Rabi,0.0,0,46,68.93,-100.0,Large Deficit,0
Telangana,Nizamabad,2018,Kharif,582.987722166,31,92,860.82,-32.27,Large Deficit,0
Telangana,Nizamabad,2018,Rabi,95.110241443,11,124,68.93,37.97,Large Excess,1
Telangana,Nizamabad,2018,Zaid,12.878473266,2,74,32.86,-60.81,Large Deficit,0
Telangana,Nizamabad,2019,Kharif,847.39112069,53,93,860.82,-1.56,Normal,0
Telangana,Nizamabad,2019,Rabi,192.83757685999998,17,127,68.93,179.74,Large Excess,1
Telangana,Nizamabad,2019,Zaid,4.6875242759999995,0,70,32.86,-85.74,Large Deficit,0
Telangana,Nizamabad,2020,Kharif,310.09805591500003,25,101,860.82,-63.98,Large Deficit,0
Telangana,Nizamabad,2020,Rabi,29.687298053,5,124,68.93,-56.93,Large Deficit,0
Telangana,Nizamabad,2020,Zaid,40.087239784,6,71,32.86,21.98,Large Excess,1
Telangana,Nizamabad,2021,Kharif,1160.453218789,50,100,860.82,34.81,Large Excess,1
Telangana,Nizamabad,2021,Rabi,82.553324202,7,118,68.93,19.76,Above Normal,1
Telangana,Nizamabad,2021,Zaid,37.962166232,4,77,32.86,15.52,Above Normal,1
Telangana,Nizamabad,2022,Kharif,1233.118680164,52,100,860.82,43.25,Large Excess,1
Telangana,Nizamabad,2022,Rabi,64.3830540023,8,130,68.93,-6.6,Below Normal,0
Telangana,Nizamabad,2022,Zaid,16.712986705,2,75,32.86,-49.14,Large Deficit,0
Telangana,Nizamabad,2023,Kharif,1030.8427484515,46,92,860.82,19.75,Above Normal,1
Telangana,Nizamabad,2023,Rabi,17.9642034979,2,77,68.93,-73.94,Large Deficit,0
Telangana,Nizamabad,2023,Zaid,84.8475237288,9,72,32.86,158.19,Large Excess,1
Telangana,Peddapalli,2017,Rabi,0.0,0,51,64.32,-100.0,Large Deficit,0
Telangana,Peddapalli,2018,Kharif,838.7026289209999,45,102,806.83,3.95,Normal,0
Telangana,Peddapalli,2018,Rabi,127.364123943,5,113,64.32,98.03,Large Excess,1
Telangana,Peddapalli,2018,Zaid,10.112292045,2,76,38.95,-74.04,Large Deficit,0
Telangana,Peddapalli,2019,Kharif,975.309789741,56,102,806.83,20.88,Large Excess,1
Telangana,Peddapalli,2019,Rabi,144.11657557,14,110,64.32,124.08,Large Excess,1
Telangana,Peddapalli,2019,Zaid,6.756998584000001,0,80,38.95,-82.65,Large Deficit,0
Telangana,Peddapalli,2020,Kharif,354.814978691,24,92,806.83,-56.02,Large Deficit,0
Telangana,Peddapalli,2020,Rabi,30.907139383,3,123,64.32,-51.94,Large Deficit,0
Telangana,Peddapalli,2020,Zaid,36.728926715,4,70,38.95,-5.69,Below Normal,0
Telangana,Peddapalli,2021,Kharif,733.931613843,41,92,806.83,-9.03,Below Normal,0
Telangana,Peddapalli,2021,Rabi,94.443308883,10,143,64.32,46.84,Large Excess,1
Telangana,Peddapalli,2021,Zaid,35.905048314,7,71,38.95,-7.81,Below Normal,0
Telangana,Peddapalli,2022,Kharif,900.9909272736,48,87,806.83,11.67,Above Normal,1
Telangana,Peddapalli,2022,Rabi,43.3280012385,7,130,64.32,-32.63,Large Deficit,0
Telangana,Peddapalli,2022,Zaid,13.712785159,2,72,38.95,-64.79,Large Deficit,0
Telangana,Peddapalli,2023,Kharif,1037.2026706112,48,109,806.83,28.55,Large Excess,1
Telangana,Peddapalli,2023,Rabi,10.0518262138,1,73,64.32,-84.37,Large Deficit,0
Telangana,Peddapalli,2023,Zaid,130.4638366894,8,71,38.95,234.98,Large Excess,1
Telangana,Rajanna Sircilla,2017,Rabi,0.0,0,41,91.05,-100.0,Large Deficit,0
Telangana,Rajanna Sircilla,2018,Kharif,406.320345633,29,91,774.6,-47.54,Large Deficit,0
Telangana,Rajanna Sircilla,2018,Rabi,136.922861889,6,124,91.05,50.37,Large Excess,1
Telangana,Rajanna Sircilla,2018,Zaid,18.669961995999998,2,74,46.02,-59.43,Large Deficit,0
Telangana,Rajanna Sircilla,2019,Kharif,925.661379489,51,107,774.6,19.5,Above Normal,1
Telangana,Rajanna Sircilla,2019,Rabi,227.732684396,18,124,91.05,150.11,Large Excess,1
Telangana,Rajanna Sircilla,2019,Zaid,14.739525492,2,69,46.02,-67.97,Large Deficit,0
Telangana,Rajanna Sircilla,2020,Kharif,372.647306507,23,92,774.6,-51.89,Large Deficit,0
Telangana,Rajanna Sircilla,2020,Rabi,54.031918494,5,128,91.05,-40.66,Large Deficit,0
Telangana,Rajanna Sircilla,2020,Zaid,47.074313455,6,72,46.02,2.3,Normal,0
Telangana,Rajanna Sircilla,2021,Kharif,1360.480735285,58,122,774.6,75.64,Large Excess,1
Telangana,Rajanna Sircilla,2021,Rabi,158.922354707,10,139,91.05,74.54,Large Excess,1
Telangana,Rajanna Sircilla,2021,Zaid,16.284156803000002,1,92,46.02,-64.61,Large Deficit,0
Telangana,Rajanna Sircilla,2022,Kharif,749.267926454,30,48,774.6,-3.27,Normal,0
Telangana,Rajanna Sircilla,2022,Rabi,46.78260422260001,2,124,91.05,-48.62,Large Deficit,0
Telangana,Rajanna Sircilla,2022,Zaid,39.375981045,4,75,46.02,-14.43,Below Normal,0
Telangana,Rajanna Sircilla,2023,Kharif,833.2138778866,35,95,774.6,7.57,Above Normal,1
Telangana,Rajanna Sircilla,2023,Rabi,12.9901107135,2,70,91.05,-85.73,Large Deficit,0
Telangana,Rajanna Sircilla,2023,Zaid,139.9563269032,10,79,46.02,204.14,Large Excess,1
Telangana,Ranga Reddy,2017,Rabi,0.0,0,50,98.47,-100.0,Large Deficit,0
Telangana,Ranga Reddy,2018,Kharif,340.941636677,32,98,427.89,-20.32,Large Deficit,0
Telangana,Ranga Reddy,2018,Rabi,93.637236826,13,122,98.47,-4.91,Normal,0
Telangana,Ranga Reddy,2018,Zaid,38.913296532,3,78,73.48,-47.04,Large Deficit,0
Telangana,Ranga Reddy,2019,Kharif,384.769366073,33,95,427.89,-10.08,Below Normal,0
Telangana,Ranga Reddy,2019,Rabi,123.234857754,19,119,98.47,25.15,Large Excess,1
Telangana,Ranga Reddy,2019,Zaid,54.264364693,8,72,73.48,-26.15,Large Deficit,0
Telangana,Ranga Reddy,2020,Kharif,251.71490886,21,100,427.89,-41.17,Large Deficit,0
Telangana,Ranga Reddy,2020,Rabi,25.317238230999997,4,138,98.47,-74.29,Large Deficit,0
Telangana,Ranga Reddy,2020,Zaid,57.229463327,10,66,73.48,-22.11,Large Deficit,0
Telangana,Ranga Reddy,2021,Kharif,692.122003321,56,122,427.89,61.75,Large Excess,1
Telangana,Ranga Reddy,2021,Rabi,143.971512087,11,151,98.47,46.2,Large Excess,1
Telangana,Ranga Reddy,2021,Zaid,78.174114481,11,92,73.48,6.39,Above Normal,1
Telangana,Ranga Reddy,2022,Kharif,421.058496354,30,59,427.89,-1.6,Normal,0
Telangana,Ranga Reddy,2022,Rabi,183.9996161562,19,130,98.47,86.85,Large Excess,1
Telangana,Ranga Reddy,2022,Zaid,55.713369068,6,92,73.48,-24.18,Large Deficit,0
Telangana,Ranga Reddy,2023,Kharif,476.750276907,47,97,427.89,11.42,Above Normal,1
Telangana,Ranga Reddy,2023,Rabi,119.1467677782,12,81,98.47,21.0,Large Excess,1
Telangana,Ranga Reddy,2023,Zaid,156.57131395230002,15,74,73.48,113.09,Large Excess,1
Telangana,Rangareddy,2022,Kharif,322.349565831,28,63,322.35,0.0,Normal,0
Telangana,Rangareddy,2022,Rabi,84.23531424,6,13,84.24,0.0,Normal,0
Telangana,Ranjanna Sircilla,2022,Kharif,454.112946747,26,63,454.11,0.0,Normal,0
Telangana,Ranjanna Sircilla,2022,Rabi,63.128101130000005,4,13,63.13,0.0,Normal,0
Telangana,Sangareddy,2017,Rabi,0.0,0,47,69.98,-100.0,Large Deficit,0
Telangana,Sangareddy,2018,Kharif,333.263961974,33,97,600.19,-44.47,Large Deficit,0
Telangana,Sangareddy,2018,Rabi,89.674233828,10,116,69.98,28.14,Large Excess,1
Telangana,Sangareddy,2018,Zaid,40.46222382,4,80,69.37,-41.67,Large Deficit,0
Telangana,Sangareddy,2019,Kharif,580.427873965,47,107,600.19,-3.29,Normal,0
Telangana,Sangareddy,2019,Rabi,130.059279658,18,117,69.98,85.85,Large Excess,1
Telangana,Sangareddy,2019,Zaid,17.366659654,2,77,69.37,-74.97,Large Deficit,0
Telangana,Sangareddy,2020,Kharif,299.098691678,26,96,600.19,-50.17,Large Deficit,0
Telangana,Sangareddy,2020,Rabi,18.633507182,3,129,69.98,-73.37,Large Deficit,0
Telangana,Sangareddy,2020,Zaid,61.999469182,8,72,69.37,-10.63,Below Normal,0
Telangana,Sangareddy,2021,Kharif,712.781358007,51,96,600.19,18.76,Above Normal,1
Telangana,Sangareddy,2021,Rabi,79.07086649600001,5,137,69.98,12.99,Above Normal,1
Telangana,Sangareddy,2021,Zaid,43.946243323,5,75,69.37,-36.65,Large Deficit,0
Telangana,Sangareddy,2022,Kharif,936.617289764,70,122,600.19,56.05,Large Excess,1
Telangana,Sangareddy,2022,Rabi,139.068719351,9,138,69.98,98.72,Large Excess,1
Telangana,Sangareddy,2022,Zaid,84.872496604,9,92,69.37,22.34,Large Excess,1
Telangana,Sangareddy,2023,Kharif,738.9314388715,47,98,600.19,23.12,Large Excess,1
Telangana,Sangareddy,2023,Rabi,33.3576980292,2,75,69.98,-52.33,Large Deficit,0
Telangana,Sangareddy,2023,Zaid,167.588976357,12,73,69.37,141.58,Large Excess,1
Telangana,Siddipet,2017,Rabi,0.0,0,43,89.93,-100.0,Large Deficit,0
Telangana,Siddipet,2018,Kharif,365.113652701,29,100,704.34,-48.16,Large Deficit,0
Telangana,Siddipet,2018,Rabi,108.421472658,7,121,89.93,20.56,Large Excess,1
Telangana,Siddipet,2018,Zaid,30.428455146999998,4,73,54.37,-44.04,Large Deficit,0
Telangana,Siddipet,2019,Kharif,771.175596785,49,103,704.34,9.49,Above Normal,1
Telangana,Siddipet,2019,Rabi,212.935968294,15,117,89.93,136.77,Large Excess,1
Telangana,Siddipet,2019,Zaid,41.807870705,5,66,54.37,-23.11,Large Deficit,0
Telangana,Siddipet,2020,Kharif,455.62193132699997,28,94,704.34,-35.31,Large Deficit,0
Telangana,Siddipet,2020,Rabi,40.838238903000004,3,122,89.93,-54.59,Large Deficit,0
Telangana,Siddipet,2020,Zaid,63.78428947,4,75,54.37,17.31,Above Normal,1
Telangana,Siddipet,2021,Kharif,1006.294560044,49,99,704.34,42.87,Large Excess,1
Telangana,Siddipet,2021,Rabi,126.868944759,9,135,89.93,41.07,Large Excess,1
Telangana,Siddipet,2021,Zaid,25.075562001,2,75,54.37,-53.88,Large Deficit,0
Telangana,Siddipet,2022,Kharif,989.78061931,60,122,704.34,40.53,Large Excess,1
Telangana,Siddipet,2022,Rabi,125.5478654631,10,145,89.93,39.6,Large Excess,1
Telangana,Siddipet,2022,Zaid,34.103068885,2,92,54.37,-37.28,Large Deficit,0
Telangana,Siddipet,2023,Kharif,638.0786546410001,33,92,704.34,-9.41,Below Normal,0
Telangana,Siddipet,2023,Rabi,14.9288011878,2,79,89.93,-83.4,Large Deficit,0
Telangana,Siddipet,2023,Zaid,131.0258118225,7,72,54.37,140.99,Large Excess,1
Telangana,Suryapet,2017,Rabi,0.0,0,50,92.28,-100.0,Large Deficit,0
Telangana,Suryapet,2018,Kharif,531.591749102,37,95,611.68,-13.09,Below Normal,0
Telangana,Suryapet,2018,Rabi,112.244242539,7,120,92.28,21.63,Large Excess,1
Telangana,Suryapet,2018,Zaid,18.92472552,3,73,38.17,-50.42,Large Deficit,0
Telangana,Suryapet,2019,Kharif,501.818239474,44,103,611.68,-17.96,Below Normal,0
Telangana,Suryapet,2019,Rabi,138.854583089,12,123,92.28,50.47,Large Excess,1
Telangana,Suryapet,2019,Zaid,27.705100272,2,74,38.17,-27.41,Large Deficit,0
Telangana,Suryapet,2020,Kharif,339.533344674,27,100,611.68,-44.49,Large Deficit,0
Telangana,Suryapet,2020,Rabi,39.351329013,5,123,92.28,-57.36,Large Deficit,0
Telangana,Suryapet,2020,Zaid,39.949368449,5,67,38.17,4.67,Normal,0
Telangana,Suryapet,2021,Kharif,753.263481899,51,103,611.68,23.15,Large Excess,1
Telangana,Suryapet,2021,Rabi,132.11063831,16,151,92.28,43.16,Large Excess,1
Telangana,Suryapet,2021,Zaid,44.451337408,5,70,38.17,16.46,Above Normal,1
Telangana,Suryapet,2022,Kharif,756.553147551,56,122,611.68,23.69,Large Excess,1
Telangana,Suryapet,2022,Rabi,129.7373286943,13,139,92.28,40.59,Large Excess,1
Telangana,Suryapet,2022,Zaid,18.321483277,2,92,38.17,-52.0,Large Deficit,0
Telangana,Suryapet,2023,Kharif,787.2912182635,41,101,611.68,28.71,Large Excess,1
Telangana,Suryapet,2023,Rabi,93.6728054285,5,72,92.28,1.51,Normal,0
Telangana,Suryapet,2023,Zaid,79.6516111743,9,71,38.17,108.69,Large Excess,1
Telangana,Vikarabad,2017,Rabi,0.0,0,50,54.21,-100.0,Large Deficit,0
Telangana,Vikarabad,2018,Kharif,332.834056202,29,95,545.95,-39.04,Large Deficit,0
Telangana,Vikarabad,2018,Rabi,81.718954461,11,118,54.21,50.75,Large Excess,1
Telangana,Vikarabad,2018,Zaid,42.68126516,4,75,73.91,-42.26,Large Deficit,0
Telangana,Vikarabad,2019,Kharif,362.73951329700003,35,97,545.95,-33.56,Large Deficit,0
Telangana,Vikarabad,2019,Rabi,77.897913477,12,128,54.21,43.7,Large Excess,1
Telangana,Vikarabad,2019,Zaid,20.626912793,2,73,73.91,-72.09,Large Deficit,0
Telangana,Vikarabad,2020,Kharif,362.920579221,23,95,545.95,-33.52,Large Deficit,0
Telangana,Vikarabad,2020,Rabi,6.1692436619999995,1,135,54.21,-88.62,Large Deficit,0
Telangana,Vikarabad,2020,Zaid,65.551173088,11,78,73.91,-11.31,Below Normal,0
Telangana,Vikarabad,2021,Kharif,864.600235463,63,122,545.95,58.37,Large Excess,1
Telangana,Vikarabad,2021,Rabi,96.36845540499999,7,151,54.21,77.77,Large Excess,1
Telangana,Vikarabad,2021,Zaid,94.816607372,14,92,73.91,28.28,Large Excess,1
Telangana,Vikarabad,2022,Kharif,670.742112433,41,91,545.95,22.86,Large Excess,1
Telangana,Vikarabad,2022,Rabi,106.7525549273,7,118,54.21,96.93,Large Excess,1
Telangana,Vikarabad,2022,Zaid,93.9338331929,10,88,73.91,27.08,Large Excess,1
Telangana,Vikarabad,2023,Kharif,681.8541880922,38,96,545.95,24.89,Large Excess,1
Telangana,Vikarabad,2023,Rabi,10.5559158982,2,76,54.21,-80.53,Large Deficit,0
Telangana,Vikarabad,2023,Zaid,125.8764329319,8,72,73.91,70.3,Large Excess,1
Telangana,Wanaparthy,2017,Rabi,0.0,0,51,69.62,-100.0,Large Deficit,0
Telangana,Wanaparthy,2018,Kharif,270.904295586,26,95,418.73,-35.3,Large Deficit,0
Telangana,Wanaparthy,2018,Rabi,93.735626832,9,121,69.62,34.65,Large Excess,1
Telangana,Wanaparthy,2018,Zaid,6.775199655,1,73,47.91,-85.86,Large Deficit,0
Telangana,Wanaparthy,2019,Kharif,467.094251834,34,99,418.73,11.55,Above Normal,1
Telangana,Wanaparthy,2019,Rabi,101.806470999,11,123,69.62,46.24,Large Excess,1
Telangana,Wanaparthy,2019,Zaid,24.048521515,3,80,47.91,-49.8,Large Deficit,0
Telangana,Wanaparthy,2020,Kharif,271.039244276,19,87,418.73,-35.27,Large Deficit,0
Telangana,Wanaparthy,2020,Rabi,8.327227525,0,131,69.62,-88.04,Large Deficit,0
Telangana,Wanaparthy,2020,Zaid,21.392491444,2,68,47.91,-55.35,Large Deficit,0
Telangana,Wanaparthy,2021,Kharif,514.903616067,39,122,418.73,22.97,Large Excess,1
Telangana,Wanaparthy,2021,Rabi,122.394676237,14,142,69.62,75.82,Large Excess,1
Telangana,Wanaparthy,2021,Zaid,78.769813009,7,92,47.91,64.42,Large Excess,1
Telangana,Wanaparthy,2022,Kharif,545.724850524,41,102,418.73,30.33,Large Excess,1
Telangana,Wanaparthy,2022,Rabi,150.1402154831,11,132,69.62,115.67,Large Excess,1
Telangana,Wanaparthy,2022,Zaid,43.601604916999996,5,76,47.91,-8.99,Below Normal,0
Telangana,Wanaparthy,2023,Kharif,442.69236283460003,35,96,418.73,5.72,Above Normal,1
Telangana,Wanaparthy,2023,Rabi,10.9008508823,1,72,69.62,-84.34,Large Deficit,0
Telangana,Wanaparthy,2023,Zaid,112.86012434679999,6,75,47.91,135.58,Large Excess,1
Telangana,Warangal (Rural),2022,Kharif,435.180261743,27,63,435.18,0.0,Normal,0
Telangana,Warangal (Rural),2022,Rabi,58.714755831000005,4,13,58.71,0.0,Normal,0
Telangana,Warangal (Urban),2022,Kharif,432.761020965,26,63,432.76,0.0,Normal,0
Telangana,Warangal (Urban),2022,Rabi,57.248179126000004,4,13,57.25,0.0,Normal,0
Telangana,Warangal Rural,2017,Rabi,0.0,0,49,93.99,-100.0,Large Deficit,0
Telangana,Warangal Rural,2018,Kharif,636.295580439,36,89,805.52,-21.01,Large Deficit,0
Telangana,Warangal Rural,2018,Rabi,74.47814351,9,122,93.99,-20.76,Large Deficit,0
Telangana,Warangal Rural,2018,Zaid,16.321442138000002,2,65,63.63,-74.35,Large Deficit,0
Telangana,Warangal Rural,2019,Kharif,920.430890324,61,122,805.52,14.26,Above Normal,1
Telangana,Warangal Rural,2019,Rabi,282.27098155,23,143,93.99,200.32,Large Excess,1
Telangana,Warangal Rural,2019,Zaid,21.572065979999998,3,79,63.63,-66.1,Large Deficit,0
Telangana,Warangal Rural,2020,Kharif,418.102583775,23,99,805.52,-48.1,Large Deficit,0
Telangana,Warangal Rural,2020,Rabi,27.501106288000003,4,130,93.99,-70.74,Large Deficit,0
Telangana,Warangal Rural,2020,Zaid,61.249643725,4,71,63.63,-3.75,Normal,0
Telangana,Warangal Rural,2021,Kharif,1008.312983243,57,99,805.52,25.17,Large Excess,1
Telangana,Warangal Rural,2021,Rabi,160.181382254,15,135,93.99,70.42,Large Excess,1
Telangana,Warangal Rural,2021,Zaid,64.461821828,8,79,63.63,1.3,Normal,0
Telangana,Warangal Rural,2022,Kharif,796.472559737,36,57,805.52,-1.12,Normal,0
Telangana,Warangal Rural,2022,Rabi,82.4570198884,4,117,93.99,-12.27,Below Normal,0
Telangana,Warangal Rural,2022,Zaid,16.618923899,2,92,63.63,-73.88,Large Deficit,0
Telangana,Warangal Rural,2023,Kharif,1053.5311266257,47,98,805.52,30.79,Large Excess,1
Telangana,Warangal Rural,2023,Rabi,31.044483814,5,75,93.99,-66.97,Large Deficit,0
Telangana,Warangal Rural,2023,Zaid,201.5726640168,10,69,63.63,216.77,Large Excess,1
Telangana,Warangal Urban,2017,Rabi,0.0,0,48,83.22,-100.0,Large Deficit,0
Telangana,Warangal Urban,2018,Kharif,717.428444446,37,97,744.88,-3.69,Normal,0
Telangana,Warangal Urban,2018,Rabi,95.038423577,10,133,83.22,14.2,Above Normal,1
Telangana,Warangal Urban,2018,Zaid,17.034751017999998,2,73,57.79,-70.52,Large Deficit,0
Telangana,Warangal Urban,2019,Kharif,986.6632697709999,56,122,744.88,32.46,Large Excess,1
Telangana,Warangal Urban,2019,Rabi,237.332466993,17,141,83.22,185.18,Large Excess,1
Telangana,Warangal Urban,2019,Zaid,50.423094542,9,92,57.79,-12.74,Below Normal,0
Telangana,Warangal Urban,2020,Kharif,374.527163561,21,92,744.88,-49.72,Large Deficit,0
Telangana,Warangal Urban,2020,Rabi,31.519645,3,124,83.22,-62.13,Large Deficit,0
Telangana,Warangal Urban,2020,Zaid,57.031831237000006,5,75,57.79,-1.3,Normal,0
Telangana,Warangal Urban,2021,Kharif,997.048051331,42,92,744.88,33.85,Large Excess,1
Telangana,Warangal Urban,2021,Rabi,123.936936923,7,120,83.22,48.92,Large Excess,1
Telangana,Warangal Urban,2021,Zaid,24.806199573,3,73,57.79,-57.07,Large Deficit,0
Telangana,Warangal Urban,2022,Kharif,464.2209649918,26,48,744.88,-37.68,Large Deficit,0
Telangana,Warangal Urban,2022,Rabi,49.9559298824,2,111,83.22,-39.97,Large Deficit,0
Telangana,Warangal Urban,2022,Zaid,13.1382420829,1,68,57.79,-77.26,Large Deficit,0
Telangana,Warangal Urban,2023,Kharif,929.4082595699,35,100,744.88,24.77,Large Excess,1
Telangana,Warangal Urban,2023,Rabi,44.7696093633,3,74,83.22,-46.2,Large Deficit,0
Telangana,Warangal Urban,2023,Zaid,184.2788947037,11,82,57.79,218.9,Large Excess,1
Telangana,Yadadri Bhuvanagiri,2017,Rabi,0.0,0,43,86.29,-100.0,Large Deficit,0
Telangana,Yadadri Bhuvanagiri,2018,Kharif,479.524801276,39,99,577.29,-16.94,Below Normal,0
Telangana,Yadadri Bhuvanagiri,2018,Rabi,98.551001247,9,129,86.29,14.21,Above Normal,1
Telangana,Yadadri Bhuvanagiri,2018,Zaid,20.809163538,2,74,68.32,-69.54,Large Deficit,0
Telangana,Yadadri Bhuvanagiri,2019,Kharif,755.778238786,60,122,577.29,30.92,Large Excess,1
Telangana,Yadadri Bhuvanagiri,2019,Rabi,231.249885259,22,125,86.29,167.99,Large Excess,1
Telangana,Yadadri Bhuvanagiri,2019,Zaid,51.354038313,5,92,68.32,-24.83,Large Deficit,0
Telangana,Yadadri Bhuvanagiri,2020,Kharif,294.46542413,22,87,577.29,-48.99,Large Deficit,0
Telangana,Yadadri Bhuvanagiri,2020,Rabi,21.453524657,3,111,86.29,-75.14,Large Deficit,0
Telangana,Yadadri Bhuvanagiri,2020,Zaid,62.51600052,8,74,68.32,-8.49,Below Normal,0
Telangana,Yadadri Bhuvanagiri,2021,Kharif,668.7807890949999,48,94,577.29,15.85,Above Normal,1
Telangana,Yadadri Bhuvanagiri,2021,Rabi,147.962491819,13,119,86.29,71.47,Large Excess,1
Telangana,Yadadri Bhuvanagiri,2021,Zaid,48.221949672,7,70,68.32,-29.41,Large Deficit,0
Telangana,Yadadri Bhuvanagiri,2022,Kharif,765.371031889,54,103,577.29,32.58,Large Excess,1
Telangana,Yadadri Bhuvanagiri,2022,Rabi,78.0532984455,10,124,86.29,-9.55,Below Normal,0
Telangana,Yadadri Bhuvanagiri,2022,Zaid,52.20570187,3,72,68.32,-23.58,Large Deficit,0
Telangana,Yadadri Bhuvanagiri,2023,Kharif,499.8467179169,38,97,577.29,-13.42,Below Normal,0
Telangana,Yadadri Bhuvanagiri,2023,Rabi,26.762283542,2,74,86.29,-68.99,Large Deficit,0
Telangana,Yadadri Bhuvanagiri,2023,Zaid,174.7913090111,10,71,68.32,155.86,Large Excess,1
